[
    {
        "email": "@gmail.com"
    },
    {
        "email": "@outlook.com"
    },
    {
        "email": "@hotmail.com"
    },
    {
        "email": "@yahoo.com"
    },
    {
        "email": "@inbox.com"
    },
    {
        "email": "@aol.com"
    },
    {
        "email": "@facebook.com"
    },
    {
        "email": "@debitsuccess.com"
    },
    {
        "email": "@mail.com"
    },
    {
        "email": "@msn.com"
    },
    {
        "email": "@live.com"
    },
    {
        "email": "@optusnet.com.au"
    },
    {
        "email": "@icloud.com"
    },
    {
        "email": "@iinet.net.au"
    },
    {
        "email": "@yahoo.com.au"
    },
    {
        "email": "@live.com.au"
    },
    {
        "email": "@bigpond.com"
    },
    {
        "email": "@bigpond.com.au"
    }
    
]